<?xml version="1.0" encoding="UTF-8"?><rss version="2.0"
	xmlns:content="http://purl.org/rss/1.0/modules/content/"
	xmlns:wfw="http://wellformedweb.org/CommentAPI/"
	xmlns:dc="http://purl.org/dc/elements/1.1/"
	xmlns:atom="http://www.w3.org/2005/Atom"
	xmlns:sy="http://purl.org/rss/1.0/modules/syndication/"
	xmlns:slash="http://purl.org/rss/1.0/modules/slash/"
	>

<channel>
	<title>Keith Taylor &#8211; Foodary Library</title>
	<atom:link href="/author/keith/feed/" rel="self" type="application/rss+xml" />
	<link>/</link>
	<description>Food and Nutrition Research Knowledge</description>
	<lastBuildDate>Thu, 01 Apr 2021 06:59:47 +0000</lastBuildDate>
	<language>en-US</language>
	<sy:updatePeriod>
	hourly	</sy:updatePeriod>
	<sy:updateFrequency>
	1	</sy:updateFrequency>
	

<image>
	<url>/wp-content/uploads/2020/05/cropped-foodary-org-2018-bold-icon-media-32x32.png</url>
	<title>Keith Taylor &#8211; Foodary Library</title>
	<link>/</link>
	<width>32</width>
	<height>32</height>
</image> 
	<item>
		<title>Red and Orange Vegetables Research</title>
		<link>/red-and-orange-vegetables-research/</link>
		
		<dc:creator><![CDATA[Keith Taylor]]></dc:creator>
		<pubDate>Thu, 01 Apr 2021 06:59:47 +0000</pubDate>
				<category><![CDATA[Uncategorized]]></category>
		<guid isPermaLink="false">/?p=135</guid>

					<description><![CDATA[Government advises increased consumption of certain food groups. But why are these foods important? See red and orange vegetables research for better health. <span class="read-more"><a href="/red-and-orange-vegetables-research/">Read more &#8250;</a></span>
<p><a href="/red-and-orange-vegetables-research/">Source</a></p>]]></description>
		
		
		
			</item>
		<item>
		<title>Grape Nutritional Therapy Research</title>
		<link>/grape-nutritional-therapy-research/</link>
		
		<dc:creator><![CDATA[Keith Taylor]]></dc:creator>
		<pubDate>Fri, 01 Jan 2021 19:27:11 +0000</pubDate>
				<category><![CDATA[Uncategorized]]></category>
		<guid isPermaLink="false">/?p=127</guid>

					<description><![CDATA[Grapes are widely studied for health promoting properties. Including whole fruit, juice, wine, and leaves. Read benefits of grape nutritional therapy research. <span class="read-more"><a href="/grape-nutritional-therapy-research/">Read more &#8250;</a></span>
<p><a href="/grape-nutritional-therapy-research/">Source</a></p>]]></description>
		
		
		
			</item>
		<item>
		<title>Octopus Nutrition Research</title>
		<link>/octopus-nutrition-research/</link>
		
		<dc:creator><![CDATA[Keith Taylor]]></dc:creator>
		<pubDate>Sun, 13 Dec 2020 09:53:58 +0000</pubDate>
				<category><![CDATA[Uncategorized]]></category>
		<guid isPermaLink="false">/?p=110</guid>

					<description><![CDATA[Is octopus a good seafood choice? Yes, if it helps your cholesterol, circulation, and liver. Get the antioxidant octopus nutrition research facts now. <span class="read-more"><a href="/octopus-nutrition-research/">Read more &#8250;</a></span>
<p><a href="/octopus-nutrition-research/">Source</a></p>]]></description>
		
		
		
			</item>
		<item>
		<title>Taurine Food Sources Research</title>
		<link>/taurine-food-sources-research/</link>
		
		<dc:creator><![CDATA[Keith Taylor]]></dc:creator>
		<pubDate>Sun, 13 Dec 2020 14:01:33 +0000</pubDate>
				<category><![CDATA[Uncategorized]]></category>
		<guid isPermaLink="false">/?p=116</guid>

					<description><![CDATA[Stop winging it with taurine supplements! There are many tastier food sources. So check if the taurine content of your meals help dementia and heart disease. <span class="read-more"><a href="/taurine-food-sources-research/">Read more &#8250;</a></span>
<p><a href="/taurine-food-sources-research/">Source</a></p>]]></description>
		
		
		
			</item>
		<item>
		<title>Granola Ingredients Research</title>
		<link>/granola-ingredients-research/</link>
		
		<dc:creator><![CDATA[Keith Taylor]]></dc:creator>
		<pubDate>Wed, 09 Dec 2020 19:27:16 +0000</pubDate>
				<category><![CDATA[Uncategorized]]></category>
		<guid isPermaLink="false">/?p=105</guid>

					<description><![CDATA[Is granola good or bad for you? It depends on the recipe. But ingredients are not all equal. Read the science facts from granola ingredient research. <span class="read-more"><a href="/granola-ingredients-research/">Read more &#8250;</a></span>
<p><a href="/granola-ingredients-research/">Source</a></p>]]></description>
		
		
		
			</item>
		<item>
		<title>Potassium Nutrition Research</title>
		<link>/potassium-nutrition-research/</link>
		
		<dc:creator><![CDATA[Keith Taylor]]></dc:creator>
		<pubDate>Mon, 30 Nov 2020 18:36:57 +0000</pubDate>
				<category><![CDATA[Uncategorized]]></category>
		<guid isPermaLink="false">/?p=101</guid>

					<description><![CDATA[Potassium intake is important for general health. Also, for diseases like high blood pressure, stroke, heart, and kidney disease. Read food research studies. <span class="read-more"><a href="/potassium-nutrition-research/">Read more &#8250;</a></span>
<p><a href="/potassium-nutrition-research/">Source</a></p>]]></description>
		
		
		
			</item>
		<item>
		<title>Food Research In Progress</title>
		<link>/food-research-in-progress/</link>
		
		<dc:creator><![CDATA[Keith Taylor]]></dc:creator>
		<pubDate>Tue, 30 Jun 2020 08:36:39 +0000</pubDate>
				<category><![CDATA[Uncategorized]]></category>
		<guid isPermaLink="false">/?p=68</guid>

					<description><![CDATA[These are the food research projects that I&#8217;m currently working on. If you want me to prioritize any studies, let me know in the feedback form below. Also let me know if you want to collaborate on any research. Food<span class="ellipsis">&#8230;</span> <span class="read-more"><a href="/food-research-in-progress/">Read more &#8250;</a></span>
<p><a href="/food-research-in-progress/">Source</a></p>]]></description>
		
		
		
			</item>
		<item>
		<title>Tomato is a Functional Food</title>
		<link>/tomato-is-a-functional-food/</link>
		
		<dc:creator><![CDATA[Keith Taylor]]></dc:creator>
		<pubDate>Thu, 03 Sep 2020 19:21:16 +0000</pubDate>
				<category><![CDATA[Uncategorized]]></category>
		<guid isPermaLink="false">/?p=91</guid>

					<description><![CDATA[Tomato eating is linked to reduced risks of certain diseases. More research will explain the exact nature of these benefits. Tomatoes are a functional food. <span class="read-more"><a href="/tomato-is-a-functional-food/">Read more &#8250;</a></span>
<p><a href="/tomato-is-a-functional-food/">Source</a></p>]]></description>
		
		
		
			</item>
		<item>
		<title>Food, Physical Health, and Wellbeing</title>
		<link>/food-physical-health-and-wellbeing/</link>
		
		<dc:creator><![CDATA[Keith Taylor]]></dc:creator>
		<pubDate>Wed, 22 Jul 2020 15:36:28 +0000</pubDate>
				<category><![CDATA[Uncategorized]]></category>
		<guid isPermaLink="false">/?p=77</guid>

					<description><![CDATA[Food affects physical health and wellbeing. We have lots of data on foods and diseases. But what about mental health? Read the Food and Wellbeing study review. <span class="read-more"><a href="/food-physical-health-and-wellbeing/">Read more &#8250;</a></span>
<p><a href="/food-physical-health-and-wellbeing/">Source</a></p>]]></description>
		
		
		
			</item>
		<item>
		<title>Salt Reduction Using Soy Sauce</title>
		<link>/salt-reduction-using-soy-sauce/</link>
		
		<dc:creator><![CDATA[Keith Taylor]]></dc:creator>
		<pubDate>Wed, 20 May 2020 19:15:44 +0000</pubDate>
				<category><![CDATA[Uncategorized]]></category>
		<guid isPermaLink="false">/?p=61</guid>

					<description><![CDATA[This is my review of a soy sauce study. In which I will explain the key points. So this is for people who are concerned about their salt intake. Because it helps you discuss your diet concerns with health professionals.<span class="ellipsis">&#8230;</span> <span class="read-more"><a href="/salt-reduction-using-soy-sauce/">Read more &#8250;</a></span>
<p><a href="/salt-reduction-using-soy-sauce/">Source</a></p>]]></description>
		
		
		
			</item>
	</channel>
</rss>
