<?xml version="1.0" encoding="UTF-8"?><rss version="2.0"
	xmlns:content="http://purl.org/rss/1.0/modules/content/"
	xmlns:dc="http://purl.org/dc/elements/1.1/"
	xmlns:atom="http://www.w3.org/2005/Atom"
	xmlns:sy="http://purl.org/rss/1.0/modules/syndication/"
	
	>
<channel>
	<title>
	Comments for Foodary Library	</title>
	<atom:link href="/comments/feed/" rel="self" type="application/rss+xml" />
	<link>/</link>
	<description>Food and Nutrition Research Knowledge</description>
	<lastBuildDate>Thu, 01 Apr 2021 06:59:47 +0000</lastBuildDate>
	<sy:updatePeriod>
	hourly	</sy:updatePeriod>
	<sy:updateFrequency>
	1	</sy:updateFrequency>
	
</channel>
</rss>
